crypto,CoinName,Algorithm,IsTrading1,ProofType,TotalCoinsMined,TotalCoinSupply
42,42 Coin,Scrypt,1.0,PoW/PoS,42.0,42.0
404,404Coin,Scrypt,1.0,PoW/PoS,1055184902.0,532000000.0
1337,EliteCoin,X13,1.0,PoW/PoS,29279424622.5,314159265359.0
BTC,Bitcoin,SHA-256,1.0,PoW,17927175.0,21000000.0
ETH,Ethereum,Ethash,1.0,PoW,107684222.7,0.0
LTC,Litecoin,Scrypt,1.0,PoW,63039243.3,84000000.0
DASH,Dash,X11,1.0,PoW/PoS,9031294.4,22000000.0
XMR,Monero,CryptoNight-V7,1.0,PoW,17201143.1,0.0
ETC,Ethereum Classic,Ethash,1.0,PoW,113359703.0,210000000.0
ZEC,ZCash,Equihash,1.0,PoW,7383056.2,21000000.0
BTS,Bitshares,SHA-512,1.0,PoS,2741570000.0,3600570502.0
DGB,DigiByte,Multiple,1.0,PoW,11406219141.0,21000000000.0
BTCD,BitcoinDark,SHA-256,1.0,PoW/PoS,1288862.0,22000000.0
XBS,Bitstake,X11,1.0,PoW/PoS,0.0,1300000.0
XPY,PayCoin,SHA-256,1.0,PoS,11995334.9,12500000.0
PRC,ProsperCoin,Scrypt,1.0,PoW,5768310.0,21000000.0
KOBO,KoboCoin,X15,1.0,PoW/PoS,25542535.6,350000000.0
SPR,Spreadcoin,X11,1.0,PoW,11149734.0,20000000.0
ACOIN,ACoin,SHA-256,1.0,PoW,0.0,1600000.0
AERO,Aero Coin,X13,1.0,PoS,0.0,7000000.0
APEX,ApexCoin,X13,1.0,PoW/PoS,0.0,6000000.0
ARCH,ArchCoin,Scrypt,1.0,PoS,0.0,16403135.0
ARG,Argentum,Scrypt,1.0,PoW,12205795.4,64000000.0
AUR,Aurora Coin,Scrypt,1.0,PoW/PoS,18135100.0,16768584.0
BET,BetaCoin,SHA-256,1.0,PoW,0.0,32000000.0
BLU,BlueCoin,Scrypt,1.0,PoW/PoS,635423900.0,0.0
XMY,MyriadCoin,Multiple,1.0,PoW,1688254250.0,2000000000.0
MOON,MoonCoin,Scrypt,1.0,PoW,88.0,384000000000.0
ZET,ZetaCoin,SHA-256,1.0,PoW,170204389.8,169795588.0
SXC,SexCoin,Scrypt,1.0,PoW,128940951.2,250000000.0
QTL,Quatloo,Scrypt,1.0,PoW,7357794.8,100000000.0
ENRG,EnergyCoin,Scrypt,1.0,PoW/PoS,123062801.1,0.0
QRK,QuarkCoin,Quark,1.0,PoW,259557164.9,247000000.0
RIC,Riecoin,Groestl,1.0,PoW,49548585.1,84000000.0
DGC,Digitalcoin ,Scrypt,1.0,PoW,33442988.3,48166000.0
LIMX,LimeCoinX,X11,1.0,PoW,0.0,21000000.0
BTB,BitBar,Scrypt,1.0,PoW/PoS,42579.5,500000.0
BTMK,BitMark,Scrypt,1.0,PoW,0.0,27580000.0
CASH,CashCoin,Scrypt,1.0,PoW/PoS,0.0,47433600.0
CAT,Catcoin,Scrypt,1.0,PoW,7219956.6,21000000.0
CBX,CryptoBullion,Scrypt,1.0,PoW/PoS,1039116.7,1000000.0
CCN,CannaCoin,Scrypt,1.0,PoW,4703879.5,13140000.0
CIN,CinderCoin,Multiple,1.0,PoW/PoS,0.0,114000000.0
COOL,CoolCoin,Scrypt,1.0,PoS,0.0,100000000.0
CRYPT,CryptCoin,X11,1.0,PoW,4996986.2,18000000.0
CSC,CasinoCoin,Scrypt,1.0,PoC,39999997299.9,40000000000.0
DMD,Diamond,Groestl,1.0,PoW/PoS,3304487.7,4380000.0
XVG,Verge,Multiple,1.0,PoW,15929530669.1,16555000000.0
DRKC,DarkCash,X11,1.0,PoW/PoS,0.0,3720000.0
DSB,DarkShibe,Scrypt,1.0,PoW,0.0,2043962.0
DVC,DevCoin,SHA-256,1.0,PoW,18773857500.0,21000000000.0
EAC,EarthCoin,Scrypt,1.0,PoW,12539015186.8,13500000000.0
EFL,E-Gulden,Scrypt,1.0,PoW,20910478.8,21000000.0
ELC,Elacoin,Scrypt,1.0,PoW,0.0,75000000.0
EMC2,Einsteinium,Scrypt,1.0,PoW,218871896.5,299792458.0
EMD,Emerald,Scrypt,1.0,PoW,19496786.3,32000000.0
EXCL,Exclusive Coin,PoS,1.0,PoS,5679705.0,0.0
FLAP,Flappy Coin,Scrypt,1.0,PoW,0.0,100000000000.0
FC2,Fuel2Coin,X11,1.0,PoS,0.0,100000000.0
FIBRE,FIBRE,NIST5,1.0,PoW/PoS,0.0,624000.0
FRC,FireRoosterCoin,SHA-256,1.0,PoW,0.0,2602410.0
FLT,FlutterCoin,Scrypt,1.0,PoS/PoW/PoT,461829905.3,0.0
FRK,Franko,Scrypt,1.0,PoW,1142732.1,11235813.0
FTC,FeatherCoin,NeoScrypt,1.0,PoW,208669093.0,336000000.0
GDC,GrandCoin,Scrypt,1.0,PoW,884125802.0,1420609614.0
GLC,GlobalCoin,Scrypt,1.0,PoW,65672720.5,70000000.0
GLD,GoldCoin,Scrypt,1.0,PoW,41658648.0,72245700.0
GLYPH,GlyphCoin,X11,1.0,PoW/PoS,0.0,7000000.0
HBN,HoboNickels,Scrypt,1.0,PoW/PoS,89266933.7,120000000.0
HUC,HunterCoin,Multiple,1.0,PoW,0.0,42000000.0
HYP,HyperStake,X11,1.0,PoS,1678520090.8,0.0
IFC,Infinite Coin,Scrypt,1.0,PoW,90595753018.6,90600000000.0
IOC,IOCoin,X11,1.0,PoW/PoS,17650914.0,22000000.0
IXC,IXcoin,SHA-256,1.0,PoW,21089349.0,21000000.0
JBS,JumBucks Coin,X11,1.0,PoW/PoS,0.0,3293010.0
JUDGE,JudgeCoin,X13,1.0,PoW/PoS,0.0,21600000.0
KGC,KrugerCoin,Scrypt,1.0,PoW,151447649.8,265420800.0
LKY,LuckyCoin,Scrypt,1.0,PoW,19326319.1,20000000.0
LTB,Litebar ,Scrypt,1.0,PoW,1104344.2,1350000.0
LTCD,LitecoinDark,Scrypt,1.0,PoW,0.0,82003200.0
LXC,LibrexCoin,X11,1.0,PoW/PoS,0.0,1000000.0
MAX,MaxCoin,SHA3,1.0,PoW/PoS,61445805.0,100000000.0
MEC,MegaCoin,Scrypt,1.0,PoW,38152000.0,42000000.0
MED,MediterraneanCoin,HybridScryptHash256,1.0,PoW,40431856.9,200000000.0
MINT,MintCoin,Scrypt,1.0,PoS,21293925445.5,0.0
MINC,MinCoin,Scrypt,1.0,PoW,5804204.9,10000000.0
MZC,MazaCoin,SHA-256,1.0,PoW/PoS,1613836100.0,2419200000.0
NAUT,Nautilus Coin,Scrypt,1.0,PoS,16180000.0,16180000.0
NAV,NavCoin,X13,1.0,PoW/PoS,66087096.2,0.0
NRB,NoirBits,SHA-256,1.0,PoW,0.0,50000000.0
NOBL,NobleCoin,Scrypt,1.0,PoW,2366066305.8,15000000000.0
NMC,Namecoin,SHA-256,1.0,PoW,14736400.0,21000000.0
NYAN,NyanCoin,Scrypt,1.0,PoW,334709223.5,337000000.0
OPAL,OpalCoin,X13,1.0,PoW/PoS,15156364.3,0.0
ORB,Orbitcoin,NeoScrypt,1.0,PoW/PoS,3220616.3,3770000.0
POT,PotCoin,Scrypt,1.0,PoW/PoS,222677226.0,420000000.0
PXC,PhoenixCoin,Scrypt,1.0,PoW/PoS,73959274.6,98000000.0
RDD,Reddcoin,Scrypt,1.0,PoW/PoS,29315567169.1,0.0
RIPO,RipOffCoin,Scrypt,1.0,PoW,0.0,12000000.0
RPC,RonPaulCoin,Scrypt,1.0,PoW,1104157.4,21000000.0
SBC,StableCoin,Scrypt,1.0,PoW,24215181.7,250000000.0
SHLD,ShieldCoin,X15,1.0,PoW/PoS,0.0,1000000.0
SILK,SilkCoin,Scrypt,1.0,PoW/PoS,0.0,1000000.0
SMC,SmartCoin,Scrypt,1.0,PoW,25593737.1,51200000.0
SPA,SpainCoin,Scrypt-n,1.0,PoW,0.0,50000000.0
SRC,SecureCoin,Scrypt,1.0,PoW,0.0,21000000.0
SUPER,SuperCoin,X11,1.0,PoS,50707661.7,0.0
SYNC,SyncCoin,X11,1.0,PoW/PoS,1177.0,1000.0
SYS,SysCoin,SHA-256,1.0,PoW,563336541.3,888000000.0
TES,TeslaCoin,Multiple,1.0,PoS,80260463.7,100000000.0
TGC,TigerCoin,SHA-256,1.0,PoW,43536800.0,47011968.0
TIT,TittieCoin,PHI1612,1.0,PoS,1622326490.5,2300000000.0
TOR,TorCoin,X11,1.0,PoW/PoS,1431851.0,10000000.0
TRC,TerraCoin,SHA-256,1.0,PoW,22935396.0,42000000.0
ULTC,Umbrella,SHA-256,1.0,PoW,0.0,2625000.0
UNB,UnbreakableCoin,SHA-256,1.0,PoW,2278150.0,80000000.0
UNO,Unobtanium,SHA-256,1.0,PoW,200911.8,250000.0
URO,UroCoin,X11,1.0,PoW,1207310.0,0.0
USDE,UnitaryStatus Dollar,Scrypt,1.0,PoW/PoS,1098952592.6,1600000000.0
UTC,UltraCoin,Scrypt,1.0,PoW/PoS,50235211.1,100000000.0
VIA,ViaCoin,Scrypt,1.0,PoW,23150892.2,23000000.0
VRC,VeriCoin,Scrypt,1.0,PoST,32021108.4,0.0
VTC,Vertcoin,Lyra2REv2,1.0,PoW,51173723.8,84000000.0
WDC,WorldCoin,Scrypt,1.0,PoW,119606941.0,265420800.0
XBOT,SocialXbotCoin,Scrypt,1.0,PoW/PoS,0.0,2000000.0
XC,X11 Coin,X11,1.0,PoW/PoS,6950831.1,5500000.0
XCR,Crypti,Multiple,1.0,PoS,100000000.0,0.0
XJO,JouleCoin,SHA-256,1.0,PoW,39195739.4,45000000.0
XST,StealthCoin,X13,1.0,PoW/PoS,33093725.4,0.0
XXX,XXXCoin,Scrypt,1.0,PoW/PoS,0.0,50000000.0
ZCC,ZCC Coin,Scrypt,1.0,PoW/PoS,147990238.0,1000000000.0
BCN,ByteCoin,CryptoNight,1.0,PoW,184066828814.0,184467440735.0
XDN,DigitalNote ,CryptoNight,1.0,PoW,6906587610.4,10000000000.0
BURST,BurstCoin,Shabal256,1.0,PoC,1813033920.0,2158812800.0
SJCX,StorjCoin,Counterparty,1.0,PoS,51173144.0,500000000.0
MONA,MonaCoin,Scrypt,1.0,PoW,68194674.9,105120000.0
NTRN,Neutron,SHA-256,1.0,PoW/PoS,39121694.0,68000000.0
SLING,Sling Coin,SHA-256,1.0,PoW,0.0,1000000.0
KTK,KryptCoin,Scrypt,1.0,PoS,0.0,17000000.0
FAIR,FairCoin,Groestl,1.0,PoW/PoS,53193831.0,0.0
NLG,Gulden,Scrypt,1.0,PoW,415032420.0,1680000000.0
RBY,RubyCoin,Scrypt,1.0,PoS,27184490.4,0.0
PTC,PesetaCoin,Scrypt,1.0,PoW,137517654.4,166386000.0
KORE,Kore,X13,1.0,PoW/PoS,2022464.9,12000000.0
WBB,Wild Beast Coin,Scrypt,1.0,PoW,181919.2,2628000.0
NOTE,Dnotes,Scrypt,1.0,PoS,174646113.9,500000000.0
FLO,Flo,Scrypt,1.0,PoW,152270664.9,160000000.0
MMXIV,MaieutiCoin,SHA-256,1.0,PoS,0.0,2014.0
8BIT,8BIT Coin,Scrypt,1.0,PoW/PoS,1467841.0,0.0
STV,Sativa Coin,X13,1.0,PoW/PoS,7096834.0,10000000.0
AM,AeroMe,X13,1.0,PoW/PoS,0.0,12000000.0
ABY,ArtByte,Scrypt,1.0,PoW,792537250.0,1000000000.0
MTR,MasterTraderCoin,X11,1.0,PoW/PoS,0.0,10110000.0
BCR,BitCredit,Momentum,1.0,PoW,0.0,210000000.0
FLDC,Folding Coin,Stanford Folding,1.0,PoW,719416990.0,1000000000.0
U,Ucoin,X11,1.0,PoS,2689812.0,20000000.0
UIS,Unitus,Multiple,1.0,PoW,65113302.0,0.0
CYP,CypherPunkCoin,QuBit,1.0,PoW,6365285.0,0.0
OMC,OmniCron,Scrypt,1.0,PoW,10140044.4,3371337.0
VTR,Vtorrent,Scrypt,1.0,PoW/PoS,11604722.0,20000000.0
GRE,GreenCoin,Scrypt,1.0,PoW,4610340640.9,10000000000.0
XCN,Cryptonite,M7 POW,1.0,PoW,708506520.0,1840000000.0
GMC,Gridmaster,Scrypt,1.0,PoW,0.0,84000000.0
CYC,ConSpiracy Coin ,X11,1.0,PoW,0.0,33000000.0
MSC,MasterCoin,Scrypt,1.0,PoW,619478.0,619478.0
SOON,SoonCoin,SHA-256,1.0,PoW,12462620.0,21000000.0
1CR,1Credit,Scrypt,1.0,PoW,88213.0,92000000000.0
ISL,IslaCoin,X11,1.0,PoW/PoS,1513704.0,0.0
QSLV,Quicksilver coin,X11,1.0,PoW,0.0,33000000.0
NXS,Nexus,SHA3,1.0,PoW/nPoS,63657220.0,78000000.0
MARS,MarsCoin ,X11,1.0,PoW,32221574.8,33000000.0
CTO,Crypto,Lyra2RE,1.0,PoW,13742738.0,65789100.0
ACP,Anarchists Prime,SHA-256,1.0,PoW,14747200.0,53760000.0
DRZ,Droidz,QUAIT,1.0,PoW/PoS,8568038.4,5060000.0
BSC,BowsCoin,X11,1.0,PoW,15863837.5,21000000.0
SQL,Squall Coin,X11,1.0,PoS/PoW,329200.0,0.0
SONG,Song Coin,Scrypt,1.0,PoW,32565300.0,210240000.0
ZNY,BitZeny,Scrypt,1.0,PoW,75614500.0,250000000.0
DIGS,Diggits,Scrypt,1.0,PoS,100000000.0,100000000.0
EXP,Expanse,Ethash,1.0,PoW,10495278.0,16906397.0
MAPC,MapCoin,X11,1.0,PoS,0.0,2228921.2
CON,Paycon,X13,1.0,PoW/PoS,23042604.0,50000000.0
SC,Siacoin,Blake2b,1.0,PoW,33098296530.0,0.0
EMC,Emercoin,SHA-256,1.0,PoW/PoS,43059794.8,1000000000.0
BLITZ,BlitzCoin,X13,1.0,PoS,0.0,3852156.0
EGC,EverGreenCoin,X15,1.0,PoW/PoS,13530556.4,26298000.0
MND,MindCoin,X11,1.0,PoW,15867695.0,16000000.0
I0C,I0coin,SHA-256,1.0,PoW,20997476.9,21000000.0
DCR,Decred,BLAKE256,1.0,PoW/PoS,10365046.9,21000000.0
DOGED,DogeCoinDark,Scrypt,1.0,PoW,0.0,16500000000.0
RVR,Revolution VR,Scrypt,1.0,PoW,210000000.0,210000000.0
HODL,HOdlcoin,1GB AES Pattern Search,1.0,PoW,11448949.0,81962100.0
EDRC,EDRCoin,SHA-256,1.0,PoW/PoS,3669691.8,22000000.0
HTC,Hitcoin,X11,1.0,PoW/PoS,10996318099.0,26550000000.0
GAME,Gamecredits,Scrypt,1.0,PoW,69836100.0,84000000.0
DSH,Dashcoin,CryptoNight,1.0,PoW,0.0,18446744.0
DBIC,DubaiCoin,SHA-256,1.0,PoW/PoS,5129014.0,10500000.0
BIOS,BiosCrypto,Quark,1.0,PoW/PoS,0.0,20190463.5
DIEM,CarpeDiemCoin,SHA-256,1.0,PoW,21739971929.0,21626280000.0
PWR,PWR Coin,NIST5,1.0,PoW/PoS,10069449031.9,0.0
TRUMP,TrumpCoin,Blake,1.0,PoS,0.0,12000000.0
BLRY,BillaryCoin,Scrypt,1.0,PoW/PoS,8998743.2,42000000.0
ETHS,EthereumScrypt,Scrypt,1.0,PoW/PoS,0.0,4200000.0
PXL,Phalanx,SHA-256,1.0,PoW,0.0,15000000.0
SSTC,SunShotCoin,X11,1.0,PoW,0.0,2250000000.0
GPU,GPU Coin,Scrypt,1.0,PoS,40477042.0,221052632.0
HMP,HempCoin,Scrypt-n,1.0,PoW,0.0,5000000000.0
ADZ,Adzcoin,X11,1.0,PoW,45110324.0,84000000.0
VTA,VirtaCoin,Scrypt,1.0,PoW,0.0,21000000000.0
SOIL,SoilCoin,Dagger,1.0,PoW,5702048.0,30000000.0
YOC,YoCoin,Scrypt,1.0,PoW,636462.6,168351300.0
UNIT,Universal Currency,SHA-256,1.0,PoW/PoS,0.0,210000000.0
AEON,AEON,CryptoNight-Lite,1.0,PoW,0.0,18400000.0
SIB,SibCoin,X11GOST,1.0,PoW,17263355.0,24000000.0
ERC,EuropeCoin,X11,1.0,PoW/PoS,10407269.8,384000000.0
ANTI,Anti Bitcoin,SHA-256,1.0,PoW,0.0,42000000.0
ZEIT,ZeitCoin,Scrypt,1.0,PoS,36971236046.8,99000000000.0
SWING,SwingCoin,SHA-256,1.0,PoW/PoS,4377081.6,40000000.0
SAFEX,SafeExchangeCoin,Scrypt,1.0,PoC,2147483647.0,2147483647.0
NEBU,Nebuchadnezzar,PoS,1.0,PoS,20000000.0,20000000.0
FRN,Francs,Scrypt,1.0,PoW,6570807.7,20000000.0
ADNT,Aiden,ScryptOG,0.0,PoW,84000000.0,84000000.0
BOLI,BolivarCoin,X11,1.0,PoW,13654082.5,25000000.0
GIZ,GIZMOcoin,X11,1.0,PoW/PoS,0.0,100000.0
SCRT,SecretCoin,X11,1.0,PoW/PoS,0.0,21000000.0
XRA,Ratecoin,X11,1.0,PoW/PoS,134554941.2,75000000.0
DBG,Digital Bullion Gold,PoS,1.0,PoS,0.0,15000000.0
REV,Revenu,SHA-256,1.0,PoW/PoS,1195525.0,222725000.0
CLINT,Clinton,SHA-256,1.0,PoW,0.0,2421227.0
CKC,Clockcoin,SHA-256,1.0,PoW/PoS,16662820.0,525000000.0
VIP,VIP Tokens,NIST5,1.0,PoW/PoS,83450403.0,90000000.0
ORLY,OrlyCoin,X15,1.0,PoW/PoS,0.0,36000000.0
BSD,BitSend,X11,1.0,PoW/PoS,24387724.5,139000000.0
BIT16,16BitCoin,NIST5,1.0,PoW/PoS,0.0,16000000.0
CHESS,ChessCoin,Scrypt,1.0,PoW/PoS,0.0,74666667.0
REE,ReeCoin,Scrypt,1.0,PoW/PoS,0.0,350000000.0
OMNI,Omni,Scrypt,1.0,PoW,616448.0,616448.0
LIR,Let it Ride,POS 3.0,1.0,PoS,38589808.7,33500000.0
PUT,PutinCoin,Scrypt,1.0,PoW/PoS,813092338.6,2000000000.0
IBANK,iBankCoin,Scrypt,1.0,PoW/PoS,4526324.0,44333333.0
FRWC,Frankywillcoin,Scrypt,1.0,PoW/PoS,100000000.0,100000000.0
MUDRA,MudraCoin,X13,1.0,PoS,5000000.0,200000000.0
PIZZA,PizzaCoin,X11,1.0,PoW,1377917.0,25000000.0
LC,Lutetium Coin,X11,1.0,PoS,657000000.0,657000000.0
KMD,Komodo,Equihash,1.0,dPoW/PoW,115898131.0,200000000.0
GB,GoldBlocks,X11,1.0,PoW/PoS,15563873.0,50000000.0
WAY,WayCoin,X11,1.0,PoS,0.0,100000000.0
CTC,CarterCoin,Scrypt,1.0,PoW/PoS,43165500.0,90000000.0
KRB,Karbo,CryptoNight,1.0,PoW,7822432.7,10000000.0
BXT,BitTokens,SHA-256,1.0,PoW/PoS,595429.0,21000000.0
ZYD,ZayedCoin,SHA-256,1.0,PoW,6243840.0,9736000.0
MST,MustangCoin,X11,1.0,PoW/PoS,657636.3,3000000.0
ZNE,ZoneCoin,Scrypt,1.0,PoW/PoS,2581970.0,21000000.0
COVAL,Circuits of Value,Multiple,1.0,PoW,1000000000.0,1200000000.0
ROOT,RootCoin,Scrypt,1.0,PoW/PoS,1939889.0,0.0
DOPE,DopeCoin,Scrypt,1.0,PoW,116845228.0,200000000.0
PROUD,PROUD Money,X11,1.0,PoW/PoS,0.0,10000000000.0
BTCR,BitCurrency,Scrypt,1.0,PoS,169598616.0,0.0
DLC,DollarCoin,SHA-256,1.0,PoW,9106714.0,10638298.0
SCN,Swiscoin,Scrypt,1.0,PoW/PoW,665200057.0,3100000000.0
SH,Shilling,Scrypt,1.0,PoW,11119200.0,30000000.0
BUZZ,BuzzCoin,SHA-256D,1.0,PoW/PoS,19577787259.0,20000000000.0
XPO,Opair,PoS,1.0,PoS,74033806.8,74000000.0
PSB,PesoBit,Scrypt,1.0,PoW/PoS,33522957.0,0.0
GBRC,GBR Coin,Scrypt,1.0,PoW,0.0,87500000.0
HALLO,Halloween Coin,X11,1.0,PoW/PoS,264678458.3,1500000000.0
FJC,FujiCoin,Scrypt-n,1.0,PoW,0.0,10000000.0
XZC,ZCoin,Lyra2Z,1.0,PoW,7568281.2,21400000.0
LEA,LeaCoin,SHA-256,1.0,PoW,0.0,2000000000.0
CFC,CoffeeCoin,PoS,1.0,PoS,148716816.0,39999898.0
ROYAL,RoyalCoin,X13,1.0,PoS,2500124.0,2500124.0
ZUR,Zurcoin,Quark,1.0,PoW,0.0,126000000.0
GNJ,GanjaCoin V2,X14,1.0,PoW/PoS,100000000.0,100000000.0
TEAM,TeamUP,PoS,1.0,PoS,17818682.2,301000000.0
LANA,LanaCoin,SHA-256D,1.0,PoW/PoS,1082162635.5,7506000000.0
ELE,Elementrem,Ethash,1.0,PoW,26205539.0,26205539.0
CSH,CashOut,SHA-256,1.0,PoW,0.0,100000000.0
ZCL,ZClassic,Equihash,1.0,PoW,5613550.0,21000000.0
ARK,ARK,DPoS,1.0,DPoS,108202084.0,125000000.0
INSANE,InsaneCoin,X11,1.0,PoW/PoS,18342813.0,30000000.0
BASH,LuckChain,Scrypt,1.0,PoW/PoS,0.0,1000000000.0
KLC,KiloCoin,Scrypt,1.0,PoW,196297971.0,10000000000.0
HUSH,Hush,Equihash,1.0,PoW,0.0,21000000.0
ATX,ArtexCoin,X11,1.0,PoW,824000000.0,500000000.0
EMB,EmberCoin,X13,1.0,PoW/PoS,92192822723.0,850000000.0
XEN,XenixCoin,X11,1.0,PoW/PoS,3853326.8,3853326.8
FRE,FreeCoin,PoS,1.0,PoS,50000000.0,50000000.0
NPC,NPCcoin,SHA-256D,1.0,PoW/PoS,0.0,7000000000.0
PLNC,PLNCoin,Scrypt,1.0,PoW/PoS,17089600.0,38540000.0
ICOB,Icobid,Scrypt,1.0,PoW/PoS,0.0,200000000.0
ARCO,AquariusCoin,Scrypt,1.0,PoW/PoS,2449577.4,42000000.0
KURT,Kurrent,X11,1.0,PoW,61364813.0,228000000.0
XCRE,Creatio,PoS,1.0,PoS,20000000.0,20000000.0
ENT,Eternity,X11,1.0,PoW/PoS,6069482.1,60000000.0
EUC,Eurocoin,SHA-256,1.0,PoW/PoS,12416554.0,20000000.0
BCF,BitcoinFast,Scrypt,1.0,PoW/PoS,20244023.6,33000000.0
XSN,Stakenet,X11,1.0,TPoS,75590369.0,76500000.0
BCCOIN,BitConnect Coin,Scrypt,1.0,PoW/PoS,11080722.4,28000000.0
MONEY,MoneyCoin,Scrypt,1.0,PoW/PoS,10914418.0,650659833.0
XNG,Enigma,X11,1.0,PoW/PoS,814671.0,5000000.0
XCI,Cannabis Industry Coin,CryptoNight,1.0,PoW,978145.0,21000000.0
RC,Russiacoin,Scrypt,1.0,PoW/PoS,8377873.0,144000000.0
PND,PandaCoin,Scrypt,1.0,PoS,33813143821.8,32514916898.0
UNITS,GameUnits,Scrypt,1.0,PoW/PoS,3472983.0,13000000.0
GAKH,GAKHcoin,Scrypt,1.0,PoW/PoS,3315789.0,3315789.0
ASAFE2,Allsafe,Quark,1.0,PoS,10517772.7,15000000.0
LTCR,LiteCreed,QuBit,1.0,PoW/PoS,30227750.0,78835200.0
OS76,OsmiumCoin,Scrypt,1.0,PoW,894026.0,2714286.0
BIC,Bikercoins,CryptoNight,1.0,PoW,9357088.0,25000000.0
NTCC,NeptuneClassic,X11,1.0,PoW/PoS,0.0,250000000.0
HXX,HexxCoin,Lyra2RE,1.0,PoW,1876146.4,9999999.0
XGB,GoldenBird,X13,1.0,PoW/PoS,0.0,450000000.0
RIDE,Ride My Car,PoS,1.0,PoS,0.0,100000000.0
KED,Klingon Empire Darsek,Scrypt,1.0,PoW/PoS,23965372.0,500000000.0
IOP,Internet of People,SHA-256,1.0,PoW/PoS,2526078.5,21000000.0
KUSH,KushCoin,X11,1.0,PoW/PoS,5659097.0,9354000.0
ERY,Eryllium,X11,1.0,PoW/PoS,0.0,100000000.0
MARX,MarxCoin,X11,1.0,PoW,0.0,100640000.0
PRX,Printerium,Scrypt,1.0,PoW/PoS,11821728.0,20000000.0
PAC,PacCoin,X11,1.0,PoW,536982074.0,100000000000.0
IMPCH,Impeach,Scrypt,1.0,PoW/PoS,308179.0,21933333.0
SFC,Solarflarecoin,Scrypt,1.0,PoW,0.0,20000000.0
CTL,Citadel,CryptoNight-V7,1.0,PoW,10969318.5,185000000.0
ZBC,Zilbercoin,Scrypt,1.0,PoS,2922614.0,55000000.0
FRST,FirstCoin,Scrypt,1.0,PoW/PoS ,110000000.0,110000000.0
CREA,CreativeChain,Keccak,1.0,PoW,0.0,115000000.0
BVC,BeaverCoin,Scrypt,1.0,PoW,3115258.0,3360000.0
FIND,FindCoin,X13,1.0,PoS,14524851.5,14524851.5
VLTC,VaultCoin,X11,1.0,PoW,30385540.0,1000000000.0
ZER,Zero,Equihash,1.0,PoW,6921653.9,17000000.0
CHAT,OpenChat,Scrypt,1.0,PoW/PoS,1000000000.0,1000000000.0
CDN,Canada eCoin,Scrypt,1.0,PoW,99843408.3,100000000.0
ZOI,Zoin,Lyra2RE,1.0,PoW,18545757.5,21000000.0
MUSIC,Musicoin,Ethash,1.0,PoW,0.0,454898394.0
BNX,BnrtxCoin,X11,1.0,PoW,0.0,210000000.0
RNS,RenosCoin,Scrypt,1.0,PoS,36050365.0,34426423.0
DBIX,DubaiCoin,Dagger-Hashimoto,1.0,PoW,2232901.0,2232901.0
XVP,VirtacoinPlus,X11,1.0,PoW/PoS,13162749.1,100000000.0
TAJ,TajCoin,Blake2S,1.0,PoW/PoS,12184195.9,36900000.0
IMX,Impact,X11,1.0,PoW/PoS,110630387.9,110000000.0
EB3,EB3coin,Scrypt,1.0,PoW,64096052.0,4000000000.0
UNI,Universe,Scrypt,1.0,PoS,0.0,112000000.0
ATMOS,Atmos,PoS,1.0,PoS,111135836.9,110290030.0
HPC,HappyCoin,X11,1.0,PoW/PoS,21521322.0,100000000.0
CXT,Coinonat,NIST5,1.0,PoW,10123200.0,48252000.0
MCRN,MacronCoin,PoS,1.0,PoS,401421401.0,400000000.0
RAIN,Condensate,X11,1.0,PoW/PoS,121665451.6,500000000.0
IMS,Independent Money System,Scrypt,1.0,PoW/PoS,5368934.0,21212121.0
ARGUS,ArgusCoin,Scrypt,1.0,PoW/PoS,1148324.0,28600000.0
LMC,LomoCoin,Scrypt,1.0,PoW/PoS,500000.0,1000000000.0
BTCS,Bitcoin Scrypt,Scrypt,1.0,PoW,0.0,21000000.0
PROC,ProCurrency,SHA-256,1.0,PoS,100545745.0,75000000000.0
XGR,GoldReserve,X11,1.0,PoW/PoS,17171382.0,40000000.0
BENJI,BenjiRolls,Scrypt,1.0,PoW,20276099.1,35520400.0
DUO,ParallelCoin,Scrypt,1.0,PoW,0.0,1000000.0
GRW,GrowthCoin,Scrypt,1.0,PoS,295135466.4,2000000000.0
ILC,ILCoin,SHA-256,1.0,PoW,1317747500.0,2500000000.0
PHR,Phreak,PoS,1.0,PoS,11390226.0,30000000.0
DEA,Degas Coin,Scrypt,1.0,PoW/PoS,21358764.0,105000000.0
ZSE,ZSEcoin,X11,1.0,PoW/PoS,0.0,2093500000.0
HTML5,HTML5 Coin,X15,1.0,PoW/PoS,40659020000.0,90000000000.0
USC,Ultimate Secure Cash,SHA-256,1.0,PoS,10343113.0,200084200.0
EQT,EquiTrader,Scrypt,1.0,PoW,13673406.4,72000000.0
QTUM,QTUM,POS 3.0,1.0,PoS,100000000.0,100000000.0
QRL,Quantum Resistant Ledger,CryptoNight-V7,1.0,PoW,69036016.8,105000000.0
ESP,Espers,536,1.0,PoW/PoS,22801882871.0,50000000000.0
DYN,Dynamic,Argon2d,1.0,PoW,19784224.7,0.0
NANO,Nano,Blake2b,1.0,PoW,133248297.0,340282367.0
CHAN,ChanCoin,Cloverhash,1.0,PoW,18407259.1,30000000.0
DCY,Dinastycoin,CryptoNight,1.0,PoW,1809467143.0,2000000000.0
DNR,Denarius,NIST5,1.0,PoW/PoS,4171382.0,10000000.0
DP,DigitalPrice,X11,1.0,PoW,35138975.0,100000000.0
VUC,Virta Unique Coin,NIST5,1.0,PoW/PoS,62942075.0,120000000.0
BTPL,Bitcoin Planet,Skein,1.0,PoW/PoS,6804362.0,100000000.0
UNIFY,Unify,Scrypt,1.0,PoW,18133195.0,19276800.0
BRIT,BritCoin,X13,1.0,PoW/PoS,21268092.0,30000000.0
SOCC,SocialCoin,Scrypt,1.0,PoW,5167775.0,75000000.0
OTX,Octanox,X11,1.0,PoW/PoS,0.0,7905634.0
ARC,ArcticCoin,X11,1.0,PoW,26042364.4,60000000.0
DAS,DAS,X11,1.0,PoW,2622886.0,18900000.0
LINDA,Linda,Scrypt,1.0,PoW/PoS,9044930943.2,50000000000.0
XLC,LeviarCoin,CryptoNight,1.0,PoW,14161803.0,54000000.0
ONION,DeepOnion,X13,1.0,PoW/PoS,21917018.0,18898187.6
BTX,Bitcore,Time Travel,1.0,PoW,17801865.2,21000000.0
GCN,gCn Coin,Scrypt,1.0,PoW,163055097500.0,200000000000.0
SMART,SmartCash,Keccak,1.0,PoW,2241009149.2,5000000000.0
SIGT,Signatum,SkunkHash v2 Raptor,1.0,PoS,107972766.0,137500000.0
ONX,Onix,X11,1.0,PoW,122475638.4,1100000000.0
CRM,Cream,Skein,1.0,PoW/PoS,47331802.5,100000000.0
BCH,Bitcoin Cash,SHA-256,1.0,PoW,17995589.6,21000000.0
XMCC,Monoeci,X11,1.0,PoW/PoS,12569262.5,9507271.0
CMPCO,CampusCoin,Scrypt,1.0,PoW,0.0,1010000000.0
DFT,Draftcoin,Scrypt,1.0,PoS,18663297.3,17405891.2
VET,Vechain,VeChainThor Authority,1.0,Proof of Authority,55454734800.0,86712634466.0
SOJ,Sojourn Coin,Scrypt,1.0,PoW,485214.0,10500000000.0
STCN,Stakecoin,PoS,1.0,PoS,4000000.0,61599965.0
NYC,NewYorkCoin,Scrypt,1.0,PoW,143006669741.7,0.0
LBTC,LiteBitcoin,Scrypt,1.0,PoW,0.0,1000000000.0
FRAZ,FrazCoin,Scrypt,1.0,PoW,9704042.0,20000000.0
KRONE,Kronecoin,Scrypt,1.0,PoW,17453749.4,84000000.0
ACC,AdCoin,Scrypt,1.0,PoW,32646731.1,100000000.0
LINX,Linx,Scrypt,1.0,PoW,33716526.0,100000000.0
XCXT,CoinonatX,Scrypt,1.0,PoW/PoS,19539588.0,48252000.0
ETHD,Ethereum Dark,Scrypt,1.0,PoW/PoS,4200000.0,4200000.0
SUMO,Sumokoin,CryptoNight,1.0,PoW,8946653.0,88888888.0
ODN,Obsidian,SHA-512,1.0,PoS,25000000.0,91388946.0
ADA,Cardano,Ouroboros,1.0,PoS,25927070538.0,45000000000.0
REC,Regalcoin,X11,1.0,PoW/PoS,7262402.0,27000000.0
BTCZ,BitcoinZ,Equihash,1.0,PoW,5211553258.0,21000000000.0
TZC,TrezarCoin,NeoScrypt,1.0,PoW/PoS,182638400.0,400000000.0
ELM,Elements,X11,1.0,PoW,2702855668.9,1800000000.0
TER,TerraNovaCoin,Scrypt,1.0,PoW/PoS,1140734.9,15733333.0
VIVO,VIVO Coin,NeoScrypt,1.0,PoW,4165967.6,27000000.0
RUP,Rupee,Lyra2REv2,1.0,PoS,24000000.0,24000000.0
BTG,Bitcoin Gold,Equihash,1.0,PoW,17202361.1,21000000.0
WOMEN,WomenCoin,Scrypt,1.0,PoW/PoS,48459472454.0,25000000000.0
MAY,Theresa May Coin,SHA-256,1.0,PoW/PoS,92050800.0,100000000.0
NAMO,NamoCoin,NIST5,1.0,PoW/PoS,560563220.0,1200000000.0
LUX,LUXCoin,PHI1612,1.0,PoW/PoS,8305775.3,60000000.0
PIRL,Pirl,Dagger,1.0,PoW,33986980.0,156306732.7
XIOS,Xios,Scrypt,1.0,PoW/PoS,2149688.0,21000000.0
BTDX,Bitcloud 2.0,Quark,1.0,PoW/PoS,30711550.5,200000000.0
EBST,eBoost,Scrypt,1.0,PoW,99990001.5,100000000.0
KEK,KekCoin,POS 2.0,1.0,PoS,12330806.3,21000000.0
BLHC,BlackholeCoin,Scrypt,1.0,PoW/PoS,16362545.0,14788276.0
ALTCOM,AltCommunity Coin,SkunkHash,1.0,PoW/PoS,0.0,5000000.0
PURE,Pure,X11,1.0,PoW/PoS,0.0,3686860.0
RUPX,Rupaya,Quark,1.0,PoS,0.0,75000000.0
XIN,Infinity Economics,SHA-256,1.0,PoS,8999999990.0,9000000000.0
PURA,Pura,X11,1.0,PoW,175215859.0,350000000.0
INN,Innova,NeoScrypt,1.0,PoW,6375259.0,45000000.0
BDL,Bitdeal,Scrypt,1.0,PoW,0.0,300000000.0
ELLA,Ellaism,Ethash,1.0,PoW,12756367.0,280000000.0
SKR,Sakuracoin,Scrypt,1.0,PoW,0.0,105100000.0
ISH,Interstellar Holdings,Scrypt,0.0,PoS,0.0,1970000000.0
GBX,GoByte,NeoScrypt,1.0,PoW,5832306.9,31800000.0
CSTL,Castle,Quark,1.0,DPoS,0.0,50000000.0
ICC,Insta Cash Coin,SHA-256,0.0,PoW,0.0,300000000.0
ALQO,Alqo,Quark,0.0,PoW/PoS,65269530.1,57879300.0
MAG,Magnet,X11,1.0,PoW/PoS,38198594.8,144000000.0
TAU,Lamden Tau,DPoS,1.0,DPoS,288090567.5,500000000.0
ECA,Electra,NIST5,1.0,PoW/PoS,28399150208.0,30000000000.0
BCD,Bitcoin Diamond,X13,1.0,PoW/PoS,183534024.9,210000000.0
XSH,SHIELD,Multiple,1.0,PoW,481730566.6,660000000.0
BCO*,BridgeCoin,Scrypt,0.0,PoW,0.0,27000000.0
MUT,Mutual Coin,Scrypt,0.0,PoW/PoS,0.0,1000000000.0
CNBC,Cash & Back Coin,Scrypt,1.0,PoW/PoS,110976977.3,210000000.0
XUN,UltraNote,CryptoNight,1.0,PoW,19281821413.5,85000000000.0
COAL,BitCoal,CryptoNight,1.0,PoW,4500000.0,12500000.0
DAXX,DaxxCoin,Ethash,1.0,PoW,520891780.0,10000000000.0
BWK,Bulwark,NIST5,1.0,PoS,13247178.9,27716121.0
BOXY,BoxyCoin,Scrypt,0.0,PoW,5761512.8,100000000.0
KLKS,Kalkulus,Quark,1.0,PoS,16955764.9,20000000.0
AC3,AC3,X11,1.0,PoW,80316207.0,550000000.0
CHIPS,CHIPS,SHA-256,1.0,PoW,0.0,21000000.0
LTHN,Lethean,CryptoNight-V7,1.0,PoW,441250233.4,999481516.0
GER,GermanCoin,Scrypt,1.0,PoW/PoS,4911500269.4,50000000000.0
LTCU,LiteCoin Ultra,Scrypt,1.0,PoW/PoS,8419402.3,150000000.0
POP,PopularCoin,Scrypt,1.0,PoW,3964201248.9,4999999999.0
PNX,PhantomX,X11,1.0,PoW/PoS,45174214.1,50000000.0
HBC,HomeBlockCoin,X11,0.0,PoW/PoS,0.0,28000000.0
HTML,HTML Coin,SHA-256,1.0,PoW/PoS,0.0,90000000000.0
PHO,Photon,BLAKE256,1.0,PoW,30089671530.5,90000000000.0
SUCR,Sucre,X11,1.0,PoW,4229040.5,19800000.0
ACCO,Accolade,Scrypt,0.0,PoW/PoS,5573908.0,50000000.0
XFT,Fantasy Cash,Scrypt,1.0,PoW/PoS,0.0,4600000.0
OMGC,OmiseGO Classic,Scrypt,0.0,PoW/PoS,49933217.8,70000000.0
SPK,SparksPay,NeoScrypt,1.0,PoW,7847417.3,21000000.0
GOA,GoaCoin,NeoScrypt,0.0,PoW,3982139.2,32000000.0
WAGE,Digiwage,Quark,1.0,PoS,27299680.0,120000000.0
GUN,GunCoin,NeoScrypt,1.0,PoW,299797953.0,500000000.0
IRL,IrishCoin,Scrypt,1.0,PoW,45483049.3,64000000.0
TROLL,Trollcoin,Scrypt,1.0,PoW/PoS,591022748.0,900000000.0
LCP,Litecoin Plus,Scrypt,1.0,PoW/PoS,2504486.2,4000000.0
MONK,Monkey Project,X11,1.0,PoS,4407252.0,21000000.0
ECC,ECC,Scrypt,0.0,PoS,25000000000.0,25000000000.0
PCOIN,Pioneer Coin,X11,1.0,PoW,8478104.3,23000000.0
UBTC,UnitedBitcoin,SHA-256,1.0,PoW,20166000.0,20166000.0
ITZ,Interzone,C11,1.0,PoW,11916588.1,23000000.0
SGL,Sigil,NeoScrypt,0.0,PoW,0.0,50000000.0
OPC,OP Coin,Scrypt,1.0,PoW/PoS,0.0,2000000000.0
VAL,Valorbit,Scrypt,1.0,PoW/PoS,0.0,9.223372e+16
TPAY,TokenPay,POS 3.0,1.0,PoS,20445861.5,25000000.0
MCT,1717 Masonic Commemorative Token,Ethash,1.0,PoS,1618033.0,1618033.0
CWIS,Crypto Wisdom Coin,Scrypt,0.0,PoW,17630550.2,24000000.0
MBC,My Big Coin,Scrypt,1.0,PoW and PoS,9399342.5,30000000.0
TRTL,TurtleCoin,CryptoNight,1.0,PoW,53139835213.8,1000000000000.0
MUN,MUNcoin,SkunkHash,1.0,PoW,4818339.0,16600000.0
USX,Unified Society USDEX,Scrypt,1.0,PoW/PoS,234846265.8,232000000.0
NBR,Niobio Cash,CryptoNight,1.0,PoW,133932467.8,336000000.0
BSR,BitSoar Coin,X11,0.0,PoS,3680297312.3,3980000000.0
BTCP,Bitcoin Private,Equihash,1.0,PoW,0.0,21000000.0
SKC,Skeincoin,Skein,1.0,PoW,0.0,17000000.0
SSS,ShareChain,Scrypt,1.0,PoW,10000000000.0,10000000000.0
CRDNC,Credence Coin,SHA-256,0.0,PoW/PoS,3427006.0,25000000.0
TRF,Travelflex,Dagger,1.0,PoW,107325266.0,100000000.0
KREDS,KREDS,Lyra2REv2,1.0,PoW,643795911.5,1100000000.0
TOKC,Tokyo Coin,X13,1.0,PoS,230298925.0,800000000.0
BBP,BiblePay,Proof-of-BibleHash,1.0,POBh,1772091549.9,5200000000.0
LCC,LitecoinCash,SHA-256 + Hive,1.0,PoW + Hive,638382332.2,840000000.0
FLIP,BitFlip,Scrypt,1.0,PoW,12446100.0,40000000.0
LOT,LottoCoin,Scrypt,1.0,PoW,14491014421.0,18406979840.0
LEAF,LeafCoin,Scrypt,1.0,PoW,0.0,21000000000.0
BASHC,BashCoin,Skein,0.0,PoW/PoS,11661844.5,72000000.0
DGM,DigiMoney,X11,0.0,PoW/PoS,3521630.0,25000000.0
CBS,Cerberus,NeoScrypt,1.0,PoW,0.0,31500000.0
BTCH,Bitcoin Hush,Equihash,1.0,PoW,0.0,21000000.0
LIZ,Lizus Payment,Skein,0.0,PoW/PoS,2985971.0,69000000.0
CIF,Crypto Improvement Fund,X11,1.0,PoW,211297638.5,500000000.0
SPD,Stipend,C11,1.0,PoW/PoS,11251342.2,19340594.0
POA,Poa Network,Proof-of-Authority,1.0,PoA,204479039.0,252460800.0
PUSHI,Pushi,X11,1.0,PoW/PoS,2167827.1,25000000.0
POKER,PokerCoin,Scrypt,0.0,PoS/PoW,0.0,466666667.0
ELP,Ellerium,XEVAN,1.0,PoW/PoS,419275.4,60000000.0
VLX,Velox,Scrypt,1.0,PoS,25570013.1,124000000.0
ONT,Ontology,VBFT,1.0,PoS,650848625.0,1000000000.0
CLO,Callisto Network,Ethash,1.0,PoW,247612453.0,6500000000.0
CRU,Curium,X11,1.0,PoW,0.0,22000000.0
TUBE,BitTube,CryptoNight,1.0,PoW,80049082.9,1000000000.0
DIN,Dinero,NeoScrypt,1.0,PoW,0.0,100000000.0
PSD,Poseidon,Scrypt,1.0,PoW,4070212.1,21000000.0
MANNA,Manna,SHA-256,0.0,PoW,2360478328.7,10044655075.6
ADK,Aidos Kuneen,IMesh,1.0,PoW,25000000.0,25000000.0
SERA,Seraph,PHI1612,0.0,PoW/PoS,1360250.0,32000000.0
CMOS,Cosmo,Quark,0.0,PoW,8928876.7,11892000.0
REDN,Reden,X16S,0.0,PoW,0.0,14000000.0
BSX,Bitspace,NIST5,1.0,PoW/PoS,13787854.6,50000000.0
XSG,Snowgem,Equihash,1.0,PoW,0.0,84096000.0
BRIA,Briacoin,Scrypt,1.0,PoW/PoS,845637.8,3000000.0
IC,Ignition,Scrypt,1.0,PoW/PoS,1182153.5,5000000.0
BTL,Bitrolium,Equihash,1.0,PoW,71355477.0,70000000.0
BCI,Bitcoin Interest,Equihash,1.0,PoW,0.0,22300000.0
MEDIC,MedicCoin,Scrypt,1.0,PoS,267297676.3,500000000.0
FLM,FOLM coin,PHI1612,0.0,PoW,0.0,23001916.0
ALPS,Alpenschillling,Lyra2Z,1.0,PoW,27340501.7,300000000.0
ZEL,Zelcash,Equihash,1.0,PoW/PoS,0.0,210000000.0
BITG,Bitcoin Green,Green Protocol,1.0,PoS,9803691.4,21000000.0
DEV,Deviant Coin,PoS,1.0,PoS,21876586.9,88000000.0
ABJ,Abjcoin,Scrypt,1.0,PoW/PoS,9880502.4,30000000.0
RAP,Rapture,NeoScrypt,0.0,PoW,4478901.3,21000000.0
PHC,Profit Hunters Coin,Scrypt,1.0,PoW/PoS,0.0,100000000.0
SEM,Semux,Semux BFT consensus,1.0,DPoS,1231147.0,100000000.0
BBK,BitBlocks,Scrypt,1.0,PoW/PoS,0.0,500000000.0
UWC,Uwezocoin,Scrypt,0.0,PoW,0.0,840000000.0
FTO,FuturoCoin,X11,1.0,PoW,31801461.2,100000000.0
CARE,Carebit,Quark,1.0,PoW/PoS,139739596.5,200000000.0
NZL,Zealium,PoS,1.0,PoS,11075254.1,80000000.0
XMC,Monero Classic,CryptoNight,1.0,PoW,16016864.0,18400000.0
PROTON,Proton,X16R,1.0,PoS,4403800.0,45000000.0
DEAL,iDealCash,Scrypt,1.0,PoW/PoS,1404157529.5,5121951220.0
JUMP,Jumpcoin,NIST5,1.0,PoW,21069346.3,21000000.0
INFX,Infinex,Lyra2RE,1.0,PoW,5097689.7,26280000.0
XBI,Bitcoin Incognito,XEVAN,1.0,PoS/PoW,10904963.1,21000000.0
KEC,KEYCO,Tribus,1.0,PoW,795447.0,18000000.0
HWC,HollyWoodCoin,Scrypt,1.0,PoS,38706809.5,26000000.0
GIN,GINcoin,Lyra2Z,1.0,PoW,6986399.7,10500000.0
PAR,Parlay,Scrypt,0.0,PoS,3783270.0,30000000.0
LTCC,Listerclassic Coin,Scrypt,0.0,PoW/PoS,8094818.4,110000000.0
PLTC,PlatinCoin,CryptoNight,1.0,PoW,84300.0,600000518.0
KNG,BetKings,X11,0.0,PoS,11359634.6,8148139.0
COG,Cognitio,SHA-256D,0.0,PoW/PoS,658584.5,7500000.0
LOKI,Loki,CryptoNight Heavy,1.0,PoW,19153632.0,150000000.0
NCP,Newton Coin,CryptoNight,1.0,PoW,41294520017.0,184000000000.0
MRN,Mercoin,Scrypt,0.0,PoW/PoS,25330252.3,100000000.0
SIC,Swisscoin,Scrypt,1.0,PoW/PoS,10200000000.0,10200000000.0
EXCC,ExchangeCoin,Equihash,0.0,PoW,0.0,32000000.0
REL,Reliance,X11,0.0,PoS,7256580.0,62000000.0
XT3,Xt3ch,Scrypt,1.0,PoS,7630000.0,44000000.0
MGD,MassGrid,Jump Consistent Hash,1.0,PoW,135862416.0,168000000.0
VIG,TheVig,SHA-256D,1.0,PoW/PoS,33238183.7,100000000.0
PLURA,PluraCoin,CryptoNight,1.0,PoW,560085952.4,1000000000.0
EMAR,EmaratCoin,Scrypt,1.0,PoW/PoS,21599339.7,84000000.0
DKD,Dekado,X15,1.0,PoS,30284196.4,90000000.0
LYNX,Lynx,Scrypt,1.0,HPoW,77872059787.9,92000000000.0
POSQ,Poseidon Quark,Quark,1.0,PoS,2716265.0,650000000.0
YCE,MYCE,Scrypt,0.0,PoW/PoS,63613903.9,250000000.0
ARO,Arionum,SHA-512,0.0,PoW,60045900.0,545399000.0
BWS,BitcoinWSpectrum,SHA-256,1.0,PoS,57811001.0,100262205.0
GOLF,GolfCoin,SHA-256D,0.0,PoW/PoS,0.0,1713134800.0
MUSE,Muse,DPoS,1.0,PoS,18194936.0,18081806.0
XMN,Motion,X16R,1.0,PoW,8125865.0,22075700.0
PLUS1,PlusOneCoin,HMQ1725,1.0,PoW,8645406.2,21000000.0
AXE,Axe,X11,1.0,PoW,4993030.7,21000000.0
GMCN,GambleCoin,Scrypt,0.0,PoS,8240763.5,15600000.0
TRVC,Trivechain,X16R,1.0,PoW/PoS,36923120.6,82546564.0
DTEM,Dystem,Quark,1.0,PoS,7082392.2,21000000.0
GIC,Giant,Quark,1.0,PoW/PoS,5919489.8,5151000.0
PNY,Peony Coin,Scrypt,1.0,PoS,1042012.5,16880000000.0
SAFE,SafeCoin,Zhash,1.0,PoW/PoS,0.0,36000000.0
ABS,Absolute Coin,Lyra2REv2,1.0,PoW/PoS,13332617.9,52500000.0
VITAE,Vitae,Quark,1.0,PoS,66053877.6,100000000.0
XGS,GenesisX,XEVAN,0.0,PoS,0.0,19000000.0
BIM,BitminerCoin,CryptoNight,0.0,PoW,0.0,50000000.0
HEX,HexCoin,Scrypt,1.0,PoW,1416663.1,22105263.0
DEI,Deimos,Scrypt,0.0,PoW,269143950.6,1000000000.0
TPC,TPCash,Scrypt,1.0,PoW/PoS,5403802.5,1000000000.0
WEBC,Webchain,CryptoNight-V7,1.0,PoW,15580199.3,1750000000.0
RYO,Ryo,Cryptonight-GPU,1.0,PoW,4890897.0,88188888.0
MUSD,MUSDcoin,Scrypt,1.0,PoW/PoS,0.0,100000000.0
URALS,Urals Coin,XEVAN,1.0,PoW,14746153.1,210000000.0
QWC,Qwertycoin,CryptoNight Heavy,1.0,PoW,99553110528.8,184470000000.0
BITN,Bitcoin Nova,CryptoNight,0.0,PoW,484454200.0,1000000000.0
ARE,ARENON,X11,1.0,PoS,19269509.9,55000000.0
DACASH,DACash,X11,0.0,PoW,26709236.8,50000000.0
EUNO,EUNO,X11,1.0,PoW/PoS,30771126.0,50000000.0
MMO,MMOCoin,Scrypt,1.0,PoS,107763867.9,260000000.0
KETAN,Ketan,PoS,1.0,PoS,9327131.6,210000000.0
NIX,NIX,Lyra2REv2,1.0,PoW,0.0,175000000.0
XSTC,Safe Trade Coin,Scrypt,1.0,PoS,0.0,840000000.0
PPAI,Project Pai,SHA-256,1.0,PoW,2100000000.0,2100000000.0
MBLC,Mont Blanc,Scrypt,1.0,PoS,0.0,70000000.0
XDNA,XDNA,Keccak,1.0,PoW/PoS,4672513.8,366000000.0
PAXEX,PAXEX,X11,1.0,PoS,4504639.0,100000000.0
AZART,Azart,X11,1.0,PoW,5015881.4,25000000.0
AOP,Averopay,Tribus,0.0,PoW/PoS,1859475.6,36500000.0
XAP,Apollon,Quark,1.0,PoW/PoS,0.0,250000000.0
TSC,ThunderStake,Scrypt,1.0,PoW/PoS,1059954080.4,18000000000.0
SPLB,SimpleBank,NeoScrypt,0.0,PoW/PoS,2381471.0,21000000.0
KCASH,Kcash,SHA-512,1.0,Zero-Knowledge Proof,1000000000.0,1000000000.0
XCG,Xchange,X16R,1.0,PoW,9753753.6,100000000.0
AAC,Acute Angle Cloud,ECC 256K1,1.0,DPOS,1000000000.0,1000000000.0
TRAID,Traid,NeoScrypt,1.0,PoW/PoS,0.0,252000000.0
CRYP,CrypticCoin,Equihash,1.0,PoW,4235111504.0,7600000000.0
BTXC,Bettex coin,XEVAN,1.0,PoS,6787405.2,50000000.0
ZEST,ZestCoin,Quark,1.0,PoW,0.0,29300000.0
XCASH,X-CASH,CryptoNight Heavy X,1.0,PoW,0.0,100000000000.0
BRAZ,Brazio,HMQ1725,0.0,PoW,75579791.7,207000000.0
ACM,Actinium,Lyra2Z,1.0,PoW,13634850.0,84000000.0
ETHO,ETHER-1,Ethash,1.0,PoW,0.0,13666237.0
TWISTR,TWIST,SHA-512,0.0,PoS,200000000.0,200000000.0
BSV,Bitcoin SV,SHA-256,1.0,PoW,17992514.6,21000000.0
DACH,DACH Coin,Quark,0.0,PoS,14303114.7,38000000.0
AGM,Argoneum,PHI1612,0.0,PoW,13969583.4,64000000.0
BITM,BitMoney,XEVAN,1.0,Pos,208515864.4,70000000000.0
B2G,Bitcoiin2Gen,Ethash,1.0,PoW,0.0,100000000.0
JMC,Junson Ming Chan Coin,X11,1.0,PoS,17209923728.3,0.0
FRED,FREDEnergy,CryptoNight,1.0,PoW,1867054873.3,8080000000.0
ZND,Zenad,Quark,1.0,POS / MN,0.0,46000000.0
C25,C25 Coin,SkunkHash,1.0,PoW,0.0,6100000.0
HERB,HerbCoin,Quark,1.0,PoW/PoS,35312185.7,54000000.0
AQUA,Aquachain,Argon2,1.0,PoW,0.0,42000000.0
BBTC,BlakeBitcoin,Blake,0.0,PoW,20595483.8,21000000.0
UMO,Universal Molecule,Blake,1.0,PoW,1578281.3,105120001.4
LIT,Lithium,Blake,1.0,PoW,15846721.2,25228800.0
ELT,Electron,Blake,0.0,PoW,24156922.0,7000000000.0
RBTC,Smart Bitcoin,SHA-256,1.0,PoW,0.0,20999764.0
PIRATE,PirateCash,Equihash,1.0,PoS,13475920.0,105000000.0
EXO,Exosis,Exosis,1.0,PoW,406091.9,21000000.0
BLTG,Block-Logic,Scrypt,1.0,PoW,35284717.2,120000000.0
OWC,Oduwa,Scrypt,1.0,PoW/PoS,14777549.4,21000000.0
BEAM,Beam,Equihash,1.0,PoW,35687520.0,262800000.0
GALI,Galilel,Quark,1.0,PoW/PoS,18265011.2,19035999.0
BTH,Bithereum,Equihash,1.0,PoW,25150787.5,30886000.0
CSPN,Crypto Sports,Quark,1.0,PoS,1934701.7,13370000.0
CREDIT,Credit,Scrypt,1.0,PoW/PoS,30825710000.0,74800000000.0
SCRIBE,Scribe Network,Lyra2REv2,0.0,PoW,6040583.7,32700000.0
SLC,SLICE,QuBit,1.0,PoW,12925790.4,100000000.0
DASHP,Dash Platinum,X11,1.0,PoS,715659.4,19700000.0
NSD,Nasdacoin,Scrypt,1.0,PoW/PoS,20546528.2,84000000.0
VDL,Vidulum,Equihash1927,1.0,PoW,0.0,100000000.0
BEET,Beetle Coin,XEVAN,1.0,PoW/PoS,198938144.4,500000000.0
TTN,Titan Coin,SHA-256D,1.0,PoW/PoS,896361168.0,5000000000.0
AWR,Award,X11,1.0,PoW/PoS,15420234.5,420000000.0
BST,BlockStamp,SHA-256,1.0,PoW,0.0,105000000.0
BLAST,BLAST,SHA-256,1.0,PoW,52293836.6,64000000.0
XRC,Bitcoin Rhodium,X13,1.0,PoW,1170292.5,2100000.0
GLT,GlobalToken,SHA-256,1.0,PoW,84613100.0,168000000.0
INSN,Insane Coin,X11,1.0,PoW/PoS,23775960.3,30000000.0
ALX,ALAX,DPoS,1.0,DPoS,1000000000.0,1000000000.0
TFC,The Freedom Coin,X11,1.0,PoS,0.0,25000000.0
MPT,Media Protocol Token,Ethash,0.0,PoW,10000000000.0,10000000000.0
LDOGE,LiteDoge,Scrypt,1.0,PoW/PoS,15318887081.0,35000000000.0
BBR,Boolberry,X11,1.0,PoW,0.0,18450000.0
SLR,SolarCoin,Scrypt,1.0,PoW,55565076.4,98100000000.0
TRK,TruckCoin,X11,1.0,PoW/PoS,242574105.2,0.0
UFO,UFO Coin,NeoScrypt,1.0,PoW,3824685012.0,4000000000.0
OC,OrangeCoin,Scrypt,1.0,PoW/PoS,3537150.0,200000000.0
BLC,BlakeCoin,Blake,1.0,PoW,23356790.1,7000000000.0
BITS,BitstarCoin,Scrypt,1.0,PoW/PoS,20576532.0,54256119.0
NEOS,NeosCoin,SHA-256,1.0,PoS,4392258.2,21000000.0
HYPER,HyperCoin,Scrypt,1.0,PoW/PoS,9631200.0,0.0
PINK,PinkCoin,X11,1.0,PoW/PoS,436353624.5,500000000.0
FCN,FantomCoin ,CryptoNight,1.0,PoW,0.0,18400000.0
CESC,Crypto Escudo,Scrypt,1.0,PoW,780210700.0,1000000000.0
ADC,AudioCoin,Scrypt,1.0,PoW/PoS,980732529.0,10500000000.0
NKA,IncaKoin,SHA-256,1.0,PoW/PoS,17939725045.3,190000000.0
PIGGY,Piggy Coin,X11,1.0,PoW/PoS,494240666.0,1000000000.0
CRW,Crown Coin,SHA-256,1.0,PoW,22986929.1,42000000.0
GEN,Genstake,Scrypt,1.0,PoW/PoS,60000000.0,15000000.0
QCN,Quazar Coin,CryptoNight,1.0,PoW,0.0,18446744.0
SMLY,SmileyCoin,Scrypt,1.0,PoW,29583989322.9,50000000000.0
PKB,ParkByte,SHA-256,1.0,PoW/PoS,0.0,25000000.0
MI,XiaoMiCoin,Scrypt,1.0,PoW/PoS,404316475.5,400000000.0
GRS,Groestlcoin,Groestl,1.0,PoW,73298203.9,105000000.0
CPC,CapriCoin,X11,1.0,PoW/PoS,201364327.4,208000000.0
CLUB, ClubCoin,Scrypt,1.0,PoW/PoS,103621876.2,160000000.0
RADS,Radium,PoS,1.0,PoS,3821245.7,9000000.0
BTA,Bata,Scrypt,1.0,PoW,5052555.9,5000000.0
PAK,Pakcoin,Scrypt,1.0,PoW,69684455.4,182000000.0
CRB,Creditbit ,X11,1.0,Proof of Trust,16901016.7,16504333.0
OK,OKCash,SHA-256,1.0,PoW/PoS,74676064.9,105000000.0
LSK,Lisk,DPoS,1.0,DPoS,120012140.0,159918400.0
XHI,HiCoin,Scrypt,1.0,PoS,10000244677.7,10008835635.0
XWC,WhiteCoin,Scrypt,1.0,PoW/PoS,252005564.2,300000000.0
DOT,Dotcoin,Scrypt,1.0,PoW,0.0,890000000.0
FSC,FriendshipCoin,NeoScrypt,1.0,PoW/PoS,1120385.0,60168145.0
THC,The Hempcoin,Scrypt,1.0,PoW/PoS,0.0,300000000.0
FIII,Fiii,SHA3-256,1.0,DPoC,-5917977548.0,5000000000.0
J,JoinCoin,Multiple,1.0,PoW,3332922.5,2800000.0
TRI,Triangles Coin,X13,1.0,PoW/PoS,140777.8,120000.0
VOLLAR,Vollar,Equihash+Scrypt,1.0,PoW,100000000.0,2100000000.0
TCR,TecraCoin,Lyra2Z,0.0,PoW,40874452.5,210000000.0
GEX,Gexan,PHI2,0.0,PoW/PoS,2233828.1,21000000.0
EOS,EOS,DPoS,1.0,DPoS,1020544523.1,0.0
RCC,Reality Clash,Ethash,1.0,PoW,24487944.1,24487944.0
OXY,Oxycoin,DPoS,1.0,DPoS,1122382283.4,0.0
ILT,iOlite,Ethash,1.0,PoW,0.0,1000000000.0
TCH,TigerCash,SHA-256,1.0,PoS,1000000000.0,1000000000.0
LAX,LAPO,Lyra2Z,0.0,PoW/PoS,11086825523.4,100000000000.0
WAVES,Waves,Leased POS,1.0,LPoS,100000000.0,100000000.0
PART,Particl,PoS,1.0,PoS,9283137.6,8634140.0
SHARD,ShardCoin,Scrypt,0.0,PoS,24924986.1,900000000.0
BTT,BitTorrent,TRC10,1.0,DPoS,989988713439.6,990000000000.0
ZILLA,ChainZilla,Equihash,0.0,DPoW,11000068.3,11000000.0
NXT,Nxt,PoS,1.0,PoS/LPoS,1000000000.0,1000000000.0
ZEPH,ZEPHYR,SHA-256,1.0,DPoS,1999999995.3,2000000000.0
GAP,Gapcoin,Scrypt,1.0,PoW/PoS,14931046.2,250000000.0
BDX,Beldex,CryptoNight,1.0,PoW,980222595.0,1400222610.0
ZEN,Horizen,Equihash,1.0,PoW,7296537.5,21000000.0
XBC,BitcoinPlus,Scrypt,1.0,PoS,128327.0,1000000.0
DVTC,DivotyCoin,Scrypt,0.0,PoW/PoS,21491213.5,100000000.0
